{"cameraMode":{"drawMode":0,"name":"Shaded","section":"Shading Mode"},"sceneLighting":false,"audioPlay":false,"sceneViewState":{"showFog":true,"showMaterialUpdate":false,"showSkybox":true,"showFlares":true,"showImageEffects":true,"showParticleSystems":true},"in2DMode":false,"pivot":{"x":12.834259033203125,"y":0.9017443060874939,"z":3.9980885982513429},"rotation":{"x":-0.2560688853263855,"y":0.1279863566160202,"z":-0.034226562827825549,"w":-0.9575368762016296},"size":5.412003040313721,"orthographic":false}